{"client_meta":{"background_color":{"r":0.11764705926179886,"g":0.11764705926179886,"b":0.11764705926179886,"a":1},"thumbnail_size":{"width":400,"height":32},"render_coordinates":{"x":0,"y":0,"width":19680,"height":1560}},"file_name":"robotic","developer_related_links":[]}